athlete_id,name_slug,season,season_label,team_id,team,conference,name,position,games,starts,minutes,points,turnovers,fouls,assists,steals,blocks,usage,offensive_rating,defensive_rating,net_rating,porpag,effective_field_goal_pct,true_shooting_pct,assists_turnover_ratio,free_throw_rate,offensive_rebound_pct,fg_pct,fg_attempted,fg_made,two_pt_fg_pct,two_pt_fg_attempted,two_pt_fg_made,three_pt_fg_pct,three_pt_fg_attempted,three_pt_fg_made,ft_pct,ft_attempted,ft_made,rebounds_total,rebounds_defensive,rebounds_offensive,win_shares_total_per40,win_shares_total,win_shares_defensive,win_shares_offensive,hometown_state,hometown_city,start_season,end_season,age,height_inches,weight_lbs,draft_year,draft_round,overall_pick,total_games,total_minutes,total_vorp,total_ws,career_bpm,standard_error
198382,ajdybantsa,2026,20252026,18,BYU,Big 12,AJ Dybantsa,F,35,35,1208,894,108,43,130,37,11,34,122.2,109.8,12.4,6.6,55,0.609,1.2,49,21.3,51,604,308,56.8,456,259,33.1,148,49,77.4,296,229,239,188,51,0.222,6.7,0.9,5.8,MA,Brockton,2026.0,2026.0,19.0,81.0,217.0,2026,1,1,,,,,,
199883,darrynpeterson,2026,20252026,131,Kansas,Big 12,Darryn Peterson,G,24,23,697,484,38,37,38,34,15,33.5,117.4,102.7,14.7,4.7,52.7,0.584,1,37.1,16.8,43.8,356,156,48.7,191,93,38.2,165,63,82.6,132,109,101,84,17,0.201,3.5,1,2.5,OH,Canton,2026.0,2026.0,19.0,78.0,205.0,2026,1,2,,,,,,
198977,cameronboozer,2026,20252026,72,Duke,ACC,Cameron Boozer,F,38,38,1274,855,96,65,152,54,23,29.8,134.8,91.9,42.9,7.7,60.7,0.663,1.58,53.6,32.9,55.6,522,290,61.5,384,236,39.1,138,54,78.9,280,221,389,261,128,0.333,10.6,3.1,7.5,FL,Miami,2026.0,2026.0,19.0,81.0,250.0,2026,1,3,,,,,,
200988,calebwilson,2026,20252026,200,North Carolina,ACC,Caleb Wilson,F,24,24,755,478,47,46,64,36,33,28.1,127.8,95.6,32.2,5.8,59,0.636,1.36,61.1,30.1,57.8,296,171,61,269,164,25.9,27,7,71.3,181,129,226,158,68,0.27,5.1,1.6,3.5,GA,Atlanta,2026.0,2026.0,20.0,82.0,215.0,2026,1,4,,,,,,
199686,keatonwagler,2026,20252026,118,Illinois,Big Ten,Keaton Wagler,G,37,37,1257,663,66,73,157,34,14,25,134,108.5,25.5,6.4,54.1,0.604,2.38,47.6,37.8,44.5,454,202,48.9,235,115,39.7,219,87,79.6,216,172,188,117,71,0.239,7.5,1.1,6.4,KS,Shawnee,2026.0,2026.0,19.0,78.0,180.0,2026,1,5,,,,,,
198012,dariusacuffjr,2026,20252026,12,Arkansas,SEC,Darius Acuff Jr.,G,36,36,1269,845,78,59,231,30,11,29.3,129.1,115.9,13.2,6.9,56.1,0.611,2.96,37,15.3,48.4,595,288,50.8,388,197,44,207,91,80.9,220,178,111,94,17,0.211,6.7,0.3,6.4,MI,Detroit,2026.0,2026.0,19.0,75.0,190.0,2026,1,6,,,,,,
199596,kingstonflemings,2026,20252026,113,Houston,Big 12,Kingston Flemings,G,37,37,1171,594,66,74,192,56,12,26.1,123.7,95.8,27.9,4.8,52,0.568,2.91,27.7,12.7,47.6,466,222,50.3,360,181,38.7,106,41,84.5,129,109,150,131,19,0.236,6.9,2.4,4.5,TX,San Antonio,2026.0,2026.0,19.0,76.0,190.0,2026,1,7,,,,,,
535,adaymara,2026,20252026,170,Michigan,Big Ten,Aday Mara,C,40,39,928,483,78,86,97,14,100,23.1,122.2,92.8,29.4,3,67.7,0.671,1.24,46.2,28.3,67.2,299,201,68.5,289,198,30,10,3,56.5,138,78,269,193,76,0.228,5.3,2.2,3.1,ESP,Zaragoza,2026.0,2026.0,21.0,87.0,255.0,2026,1,8,,,,,,
200182,mikelbrownjr,2026,20252026,150,Louisville,ACC,Mikel Brown Jr.,G,21,19,613,382,65,33,99,26,3,30.6,116,101.8,14.2,4.1,51.1,0.585,1.52,44.7,1.4,41,273,112,50.4,113,57,34.4,160,55,84.4,122,103,70,69,1,0.196,3,0.9,2.1,FL,Orlando,2026.0,2026.0,20.0,77.0,190.0,2026,1,9,,,,,,
202445,nateament,2026,20252026,292,Tennessee,SEC,Nate Ament,F,35,35,1038,584,79,69,82,34,22,28.9,117.6,101.7,15.9,4.1,45.2,0.543,1.04,57.8,27.5,39.9,429,171,43,291,125,33.3,138,46,79,248,196,222,161,61,0.193,5,1.6,3.4,VA,Manassas,2026.0,2026.0,19.0,82.0,207.0,2026,1,10,,,,,,
197982,braydenburries,2026,20252026,11,Arizona,Big 12,Brayden Burries,G,39,39,1160,626,58,81,94,58,7,23.2,128.7,96.4,32.3,4.6,57.2,0.623,1.62,39.5,11.5,49.1,428,210,56.2,249,140,39.1,179,70,80.5,169,136,192,170,22,0.231,6.7,2.4,4.3,CA,San Bernardino,2026.0,2026.0,21.0,76.0,205.0,2026,1,11,,,,,,
3951,yaxellendeborg,2026,20252026,170,Michigan,Big Ten,Yaxel Lendeborg,F,40,39,1210,603,42,68,128,45,47,20.3,141,96.2,44.8,5.4,60.3,0.656,3.05,42.6,27.7,51.7,387,200,63.9,208,133,37.4,179,67,82.4,165,136,271,196,75,0.264,8,2.5,5.5,NJ,Pennsauken,2026.0,2026.0,24.0,81.0,240.0,2026,1,12,,,,,,
85,labaronphilonjr,2026,20252026,5,Alabama,SEC,Labaron Philon Jr.,G,33,32,1020,725,84,52,165,38,6,30.1,127.4,114.3,13.1,6,58.5,0.634,1.96,40.8,16.2,50.1,485,243,57.4,282,162,39.9,203,81,79.8,198,158,117,98,19,0.212,5.4,0.4,5,AL,Mobile,2025.0,2026.0,20.0,76.0,185.0,2026,1,13,,,,,,
309,cameroncarr,2026,20252026,20,Baylor,Big 12,Cameron Carr,G,34,34,1146,642,81,64,90,30,45,25.3,123.3,109.1,14.2,5,58.2,0.629,1.11,38,11.2,49.4,437,216,60.2,231,139,37.4,206,77,80.1,166,133,197,175,22,0.175,5,1,4,MN,Eden Prairie,2026.0,2026.0,21.0,77.0,175.0,2026,1,15,,,,,,
7593,christiananderson,2026,20252026,298,Texas Tech,Big 12,Christian Anderson,G,33,33,1267,611,109,65,238,48,8,23.8,125.5,110.2,15.3,5.6,59.9,0.633,2.18,27.4,16.8,47.3,431,204,55.8,172,96,41.7,259,108,80.5,118,95,119,99,20,0.183,5.8,0.9,4.9,GA,Atlanta,2025.0,2026.0,20.0,75.0,178.0,2026,1,16,,,,,,
5647,morezjohnsonjr,2026,20252026,170,Michigan,Big Ten,Morez Johnson Jr.,F,40,40,1005,522,53,94,48,27,44,21.2,133.4,95.6,37.8,4,63.9,0.684,0.91,49.8,34.1,62,313,194,65.7,277,182,33.3,36,12,78.2,156,122,293,193,100,0.243,6.1,2.1,4,IL,Riverdale,2026.0,2026.0,20.0,81.0,250.0,2026,1,17,,,,,,
203279,hannessteinbach,2026,20252026,343,Washington,Big Ten,Hannes Steinbach,F,30,30,1036,556,59,71,47,32,37,24.1,128.6,103.6,25,5.6,60.2,0.644,0.8,43.6,35.7,57.7,362,209,61.8,309,191,34,53,18,75.9,158,120,353,227,126,0.22,5.7,1.4,4.3,GER,Wurzburg,2026.0,2026.0,20.0,83.0,248.0,2026,1,18,,,,,,
3596,bennettstirtz,2026,20252026,124,Iowa,Big Ten,Bennett Stirtz,G,37,37,1397,734,68,72,163,51,9,26.9,126.2,109.7,16.5,6.4,56.5,0.613,2.4,31.4,10.2,47.7,526,251,59.1,269,159,35.8,257,92,84.8,165,140,98,88,10,0.2,7,1.1,5.9,MO,Liberty,2026.0,2026.0,23.0,76.0,190.0,2026,1,19,,,,,,
7639,jaydenquaintance,2026,20252026,135,Kentucky,SEC,Jayden Quaintance,F,4,1,66,20,6,5,2,2,3,19.4,88.3,111.3,-23,0,57.1,0.507,0.33,92.9,40,57.1,14,8,57.1,14,8,0,0,0,30.8,13,4,20,12,8,0,0,0,0,OH,Cleveland,2026.0,2026.0,19.0,82.0,255.0,2026,1,20,,,,,,
211,isaiahevans,2026,20252026,72,Duke,ACC,Isaiah Evans,G,38,38,1075,571,42,45,49,28,25,24.8,126.1,98.8,27.3,4.4,55,0.595,1.17,26.5,13,43.3,430,186,56.7,150,85,36.1,280,101,86,114,98,123,107,16,0.208,5.6,1.9,3.7,NC,Fayetteville,2025.0,2026.0,20.0,78.0,180.0,2026,1,21,,,,,,
833,allengraves,2026,20252026,261,Santa Clara,WCC,Allen Graves,F,35,4,790,412,25,108,62,66,32,21.9,137.8,96.7,41.1,4,58,0.62,2.48,39.6,43,51.2,283,145,56,191,107,41.3,92,38,75,112,84,228,130,98,0.268,5.3,1.6,3.7,LA,Ponchatoula,2025.0,2026.0,19.0,81.0,225.0,2026,1,22,,,,,,
202245,ebukaokorie,2026,20252026,281,Stanford,ACC,Ebuka Okorie,G,31,31,1088,719,58,43,111,49,10,30.9,126.4,109.7,16.7,6.8,52.8,0.597,1.91,44.9,20.4,46.5,503,234,52.6,325,171,35.4,178,63,83.2,226,188,113,90,23,0.224,6.1,0.9,5.2,NH,Nashua,2026.0,2026.0,19.0,74.0,185.0,2026,1,23,,,,,,
199595,chriscenacjr,2026,20252026,113,Houston,Big 12,Chris Cenac Jr.,F,37,36,920,352,33,86,27,28,17,19.9,116.4,91.3,25.1,2.3,53.6,0.549,0.82,19.7,28.5,48.5,295,143,55.1,205,113,33.3,90,30,62.1,58,36,291,208,83,0.187,4.3,2.3,2,LA,New Orleans,2026.0,2026.0,19.0,83.0,240.0,2026,1,24,,,,,,
270,henriveesaar,2026,20252026,200,North Carolina,ACC,Henri Veesaar,F,31,31,973,528,52,79,64,18,37,23.2,128.3,101.1,27.2,4.8,66.7,0.672,1.23,33.6,25.2,60.8,342,208,67.7,248,168,42.6,94,40,62.6,115,72,270,202,68,0.218,5.3,1.6,3.7,EST,Tallin,2026.0,2026.0,22.0,84.0,225.0,2026,1,25,,,,,,
4065,dailynswain,2026,20252026,295,Texas,SEC,Dailyn Swain,G,36,36,1183,623,96,79,128,58,11,24.6,125.4,107,18.4,5,58.2,0.645,1.33,50.6,22.4,54.2,395,214,60.3,302,182,34.4,93,32,81.5,200,163,272,211,61,0.196,5.8,1.2,4.6,OH,Columbus,2026.0,2026.0,21.0,80.0,220.0,2026,1,26,,,,,,
197993,koapeat,2026,20252026,11,Arizona,Big 12,Koa Peat,F,36,36,1004,508,58,80,93,22,25,24.2,118.8,99,19.8,3.4,53.7,0.564,1.6,42.7,37.9,52.8,379,200,53.8,359,193,35,20,7,62.3,162,101,203,126,77,0.187,4.7,1.8,2.9,AZ,Chandler,2026.0,2026.0,19.0,80.0,235.0,2026,1,27,,,,,,
198026,meleekthomas,2026,20252026,12,Arkansas,SEC,Meleek Thomas,G,37,21,1128,577,37,78,91,57,7,23.6,122.2,111.7,10.5,4,52.1,0.562,2.46,23.2,23.2,43.3,466,202,44.6,269,120,41.6,197,82,84.3,108,91,142,109,33,0.149,4.2,0.7,3.5,PA,Pittsburgh,2026.0,2026.0,20.0,77.0,185.0,2026,1,28,,,,,,
1424,zubyejiofor,2026,20252026,279,St. John's,Big East,Zuby Ejiofor,F,37,37,1113,604,77,90,131,43,79,24.5,126.1,96.5,29.6,4.6,56,0.62,1.7,69.4,45.4,53.6,373,200,58,314,182,30.5,59,18,71.8,259,186,271,148,123,0.241,6.7,2.2,4.5,TX,Garland,2024.0,2026.0,22.0,81.0,245.0,2026,1,29,,,,,,
142,joshuajefferson,2026,20252026,125,Iowa State,Big 12,Joshua Jefferson,F,35,35,1083,575,89,82,167,57,29,27.4,118.8,91.8,27,4.3,51.8,0.57,1.88,51.8,25.1,47.2,411,194,51.8,301,156,34.5,110,38,70,213,149,259,194,65,0.24,6.5,2.7,3.8,NV,Las Vegas,2025.0,2026.0,23.0,81.0,240.0,2026,1,30,,,,,,
7792,alexkaraban,2026,20252026,314,UConn,Big East,Alex Karaban,F,40,40,1373,527,43,81,94,33,33,18.4,127.1,103.7,23.4,4,55.9,0.594,2.19,21.5,34.1,46.4,405,188,55.8,199,111,37.4,206,77,85.1,87,74,211,139,72,0.169,5.8,1.8,4,MA,Southborough,2022.0,2026.0,24.0,80.0,230.0,2026,2,31,,,,,,
197881,amariallen,2026,20252026,5,Alabama,SEC,Amari Allen,F,32,24,905,365,44,95,100,33,22,18.6,123.9,108.9,15,3.1,53.3,0.577,2.27,38,23.9,44.6,271,121,55.6,133,74,34.1,138,47,73.8,103,76,222,169,53,0.146,3.3,0.8,2.5,WI,Green Bay,2026.0,2026.0,20.0,80.0,205.0,2026,2,32,,,,,,
200773,mattable,2026,20252026,185,NC State,ACC,Matt Able,G,34,0,737,300,32,68,32,42,11,21.2,109.7,109.1,0.6,1.6,51.4,0.548,1,21.6,22.4,41.6,250,104,49.1,112,55,35.5,138,49,79.6,54,43,116,90,26,0.098,1.8,0.6,1.2,MD,Baltimore,2026.0,2026.0,20.0,78.0,205.0,2026,2,33,,,,,,
198155,toundeyessoufou,2026,20252026,20,Baylor,Big 12,Tounde Yessoufou,G,34,34,1111,605,64,79,54,67,21,26.8,116.4,108,8.4,4.1,52,0.555,0.84,27.6,41.2,46.5,486,226,56.7,305,173,29.3,181,53,74.6,134,100,199,117,82,0.155,4.3,1.1,3.2,BEN,Cotonou,2026.0,2026.0,20.0,77.0,215.0,2026,2,34,,,,,,
4562,tylertanner,2026,20252026,336,Vanderbilt,SEC,Tyler Tanner,G,36,36,1205,702,68,72,184,86,12,26.3,129.8,108.5,21.3,6,54.9,0.62,2.71,46.4,11.5,48.5,470,228,54.7,307,168,36.8,163,60,85.3,218,186,131,116,15,0.232,7,1.1,5.9,TN,Brentwood,2025.0,2026.0,20.0,72.0,173.0,2026,2,35,,,,,,
199963,malachimoreno,2026,20252026,135,Kentucky,SEC,Malachi Moreno,C,36,30,815,280,46,77,64,19,53,16.2,124.3,104.2,20.1,2.2,58.2,0.635,1.39,76.4,38.2,58.2,165,96,59.3,162,96,0,3,0,69.8,126,88,228,141,87,0.157,3.2,1.1,2.1,KY,Georgetown,2026.0,2026.0,20.0,84.0,250.0,2026,2,36,,,,,,
7799,tarrisreedjr,2026,20252026,314,UConn,Big East,Tarris Reed Jr.,C,35,35,957,515,65,103,80,32,69,25.9,122.1,95,27.1,4,60.7,0.622,1.23,44.5,35.7,60.7,346,210,61.4,342,210,0,4,0,61.7,154,95,314,202,112,0.234,5.6,2.1,3.5,MO,St. Louis,2025.0,2026.0,23.0,83.0,265.0,2026,2,37,,,,,,
149,milanmomcilovic,2026,20252026,125,Iowa State,Big 12,Milan Momcilovic,F,37,37,1125,624,31,58,38,30,9,21.3,139.8,100.5,39.3,5.5,67.2,0.698,1.23,20,7,50.6,411,208,55.4,130,72,48.4,281,136,87.8,82,72,115,107,8,0.228,6.4,1.8,4.6,WI,Pewaukee,2024.0,2026.0,22.0,80.0,225.0,2026,2,38,,,,,,
3921,babamiller,2026,20252026,51,Cincinnati,Big 12,Baba Miller,F,31,31,988,404,68,71,115,23,36,21,115.4,93.5,21.9,3,54.6,0.585,1.69,53.2,23.1,52.9,280,148,60.5,228,138,19.2,52,10,65.8,149,98,320,246,74,0.19,4.7,2.3,2.4,ESP,Mallorca,2026.0,2026.0,22.0,83.0,225.0,2026,2,41,,,,,,
53,florybidunga,2026,20252026,131,Kansas,Big 12,Flory Bidunga,F,35,34,1102,464,54,83,52,26,90,19.1,124.6,95.8,28.8,3.6,64,0.653,0.96,34.7,33.8,64,308,197,64.4,306,197,0,2,0,65.4,107,70,314,208,106,0.2,5.5,2.3,3.2,CGO,Kinshasa,2025.0,2026.0,21.0,82.0,235.0,2026,2,42,,,,,,
4066,ryanconwell,2026,20252026,150,Louisville,ACC,Ryan Conwell,G,34,34,1051,638,73,95,91,38,6,29.4,116.2,103.4,12.8,4.2,52.1,0.571,1.25,30.2,13,40.8,493,201,53,168,89,34.5,325,112,83.2,149,124,162,141,21,0.175,4.6,1.4,3.2,IN,Indianapolis,2026.0,2026.0,22.0,76.0,215.0,2026,2,44,,,,,,
7827,trevonbrazile,2026,20252026,12,Arkansas,SEC,Trevon Brazile,F,36,35,1134,470,38,71,55,53,57,17.6,127.8,107,20.8,3.6,59.6,0.626,1.45,36.8,20.8,52.6,323,170,65.4,191,125,34.1,132,45,71.4,119,85,264,209,55,0.155,4.4,1.2,3.2,MO,Springfield,2023.0,2026.0,23.0,82.0,230.0,2026,2,45,,,,,,
368,bradensmith,2026,20252026,236,Purdue,Big Ten,Braden Smith,G,39,39,1344,557,113,62,344,66,8,24,121.7,108.6,13.1,4.6,51.1,0.556,3.04,26.8,18.1,44,448,197,49.1,271,133,36.2,177,64,82.5,120,99,138,113,25,0.185,6.2,1.2,5,IN,Westfield,2023.0,2026.0,23.0,72.0,170.0,2026,2,46,,,,,,
2474,jeremyfearsjr,2026,20252026,169,Michigan State,Big Ten,Jeremy Fears Jr.,G,35,35,1135,533,85,82,327,45,1,24.2,131,104.9,26.1,5.5,47.9,0.585,3.85,57.1,17.6,43.1,364,157,47.8,255,122,32.1,109,35,88.5,208,184,85,70,15,0.243,6.9,1.4,5.5,IL,Joliet,2024.0,2026.0,21.0,74.0,190.0,2026,2,47,,,,,,
497,ruebenchinyelu,2026,20252026,87,Florida,SEC,Rueben Chinyelu,C,35,35,857,382,51,103,23,26,36,19.3,123.9,92.9,31,2.8,58.6,0.62,0.45,46.1,34.6,58.6,256,150,59.1,254,150,0,2,0,69.5,118,82,393,257,136,0.205,4.4,2,2.4,NGR,Enugu,2025.0,2026.0,23.0,82.0,265.0,2026,2,48,,,,,,
302,felixokpara,2026,20252026,292,Tennessee,SEC,Felix Okpara,F,35,34,943,279,36,85,17,15,51,13.4,122.4,102.8,19.6,2,60.7,0.624,0.47,38.7,40.5,59.7,191,114,61.1,180,110,36.4,11,4,63.5,74,47,222,132,90,0.127,3,1.3,1.7,NGR,Lagos,2025.0,2026.0,22.0,83.0,242.0,2026,2,49,,,,,,
7384,andrejstojakovic,2026,20252026,118,Illinois,Big Ten,Andrej Stojakovic,G,34,21,895,459,44,48,34,13,15,25,122.2,109.3,12.9,3.7,53,0.585,0.77,38.1,29.2,50,336,168,58.3,254,148,24.4,82,20,80.5,128,103,154,109,45,0.165,3.7,0.7,3,CA,Carmichael,2026.0,2026.0,22.0,79.0,205.0,2026,2,50,,,,,,
269,jadenbradley,2026,20252026,11,Arizona,Big 12,Jaden Bradley,G,39,39,1198,518,68,79,170,56,4,20.8,123.2,99.3,23.9,3.7,49.7,0.575,2.5,51.1,13.5,46.2,368,170,47.8,301,144,38.8,67,26,80.9,188,152,133,115,18,0.19,5.7,2.1,3.6,NY,Rochester,2024.0,2026.0,23.0,75.0,200.0,2026,2,51,,,,,,
7673,richiesaunders,2026,20252026,18,BYU,Big 12,Richie Saunders,F,25,25,786,453,42,54,52,43,8,24.3,131,106.6,24.4,5.4,59.7,0.642,1.24,35.7,32.6,49.2,305,150,63.7,135,86,37.6,170,64,81.7,109,89,144,97,47,0.214,4.2,0.8,3.4,UT,Riverton,2023.0,2026.0,25.0,77.0,200.0,2026,2,52,,,,,,
7825,billyrichmondiii,2026,20252026,12,Arkansas,SEC,Billy Richmond III,F,37,19,1022,413,45,87,75,41,30,18,123.8,111.2,12.6,2.9,58.8,0.617,1.67,24.5,31.4,56.3,302,170,63.5,244,155,25.9,58,15,78.4,74,58,159,109,50,0.133,3.4,0.7,2.7,TN,Memphis,2025.0,2026.0,20.0,78.0,205.0,2026,2,53,,,,,,
3290,jakobigillespie,2026,20252026,292,Tennessee,SEC,Ja'Kobi Gillespie,G,37,37,1286,681,85,84,201,79,8,26.9,122.8,103.4,19.4,5.3,50.1,0.543,2.36,24.7,20,41,566,232,49.4,261,129,33.8,305,103,81.4,140,114,105,84,21,0.202,6.5,1.8,4.7,TN,Greeneville,2026.0,2026.0,22.0,73.0,188.0,2026,2,54,,,,,,
4986,izaiyahnelson,2026,20252026,271,South Florida,American,Izaiyah Nelson,F,34,34,929,540,46,106,41,56,48,23.6,129.4,96.1,33.3,4.3,57.1,0.622,0.89,57.8,41.4,56.1,346,194,63,297,187,14.3,49,7,72.5,200,145,326,191,135,0.245,5.7,1.9,3.8,GA,Marietta,2026.0,2026.0,23.0,82.0,218.0,2026,2,55,,,,,,
115,emanuelsharp,2026,20252026,113,Houston,Big 12,Emanuel Sharp,G,37,37,1087,572,36,112,64,44,3,24.9,127.8,99,28.8,4.8,52.7,0.588,1.78,32.4,26.4,41.3,426,176,47.9,165,79,37.2,261,97,89.1,138,123,110,81,29,0.221,6,1.9,4.1,FL,Tampa,2023.0,2026.0,22.0,75.0,205.0,2026,2,56,,,,,,
5448,nickmartinelli,2026,20252026,212,Northwestern,Big Ten,Nick Martinelli,F,33,33,1176,759,47,77,66,26,12,31,124.2,112.9,11.3,6.6,55.2,0.609,1.4,41.8,36.3,51,526,268,53.3,418,223,41.7,108,45,80.9,220,178,204,130,74,0.194,5.7,0.6,5.1,IL,Glenview,2023.0,2026.0,22.0,79.0,225.0,2026,2,57,,,,,,
5643,kylanboswell,2026,20252026,118,Illinois,Big Ten,Kylan Boswell,G,30,30,901,368,34,62,90,22,0,20.2,129.5,109,20.5,4.1,50.7,0.566,2.65,41.5,35,44.4,275,122,54,161,87,30.7,114,35,78.1,114,89,120,78,42,0.182,4.1,0.8,3.3,IL,Champaign,2025.0,2026.0,21.0,74.0,205.0,2026,2,58,,,,,,
420,brucethornton,2026,20252026,216,Ohio State,Big Ten,Bruce Thornton,G,34,34,1243,677,44,62,127,39,8,23.6,139.1,108.9,30.2,7.2,62.4,0.67,2.89,39,17.4,55.2,431,238,64,275,176,39.7,156,62,82.7,168,139,172,142,30,0.238,7.4,1.1,6.3,GA,Fairburn,2023.0,2026.0,23.0,74.0,215.0,2026,2,59,,,,,,
366,treykaufmanrenn,2026,20252026,236,Purdue,Big Ten,Trey Kaufman-Renn,F,37,37,1043,524,52,84,95,14,8,24.8,125.2,109.3,15.9,4.3,58,0.595,1.83,27.2,34.4,57.8,393,227,59.2,380,225,15.4,13,2,63.6,107,68,308,202,106,0.188,4.9,0.9,4,IN,Sellersburg,2022.0,2026.0,24.0,81.0,240.0,2026,2,60,,,,,,